transect_cam,transect_id,ct_model,fov_deg,ct_days
100_cam041,100,DS-30MP,38,30
101_cam072,101,DS-30MP,38,19
101_cam074,101,DS-30MP,38,19
102_cam014,102,DS-32MP,50,112
102_cam033,102,DS-32MP,50,106
103_cam008,103,DS-32MP,50,50
103_cam035,103,DS-32MP,50,113
104_cam017,104,DS-32MP,50,112
107_cam124,107,DS-30MP,38,24
108_cam057,108,DS-30MP,38,7
109_cam127,109,DS-30MP,38,44
10_cam110,10,DS-30MP,38,102
110_cam010,110,DS-30MP,38,62
110_cam092,110,DS-30MP,38,22
111_cam024,111,DS-32MP,50,106
112_cam046,112,DS-32MP,50,18
113_cam007,113,DS-32MP,50,31
113_cam045,113,DS-32MP,50,111
11_cam021,11,DS-32MP,50,109
120_cam019,120,DS-30MP,38,100
120_cam122,120,DS-30MP,38,3
121_cam083,121,DS-30MP,38,20
122_cam071,122,DS-30MP,38,99
122_cam148,122,DS-30MP,38,28
123_cam049,123,DS-30MP,38,13
124_cam043,124,DS-30MP,38,103
124_cam106,124,DS-30MP,38,108
135_cam025,135,DS-30MP,38,23
135_cam050,135,DS-30MP,38,24
136_cam012,136,DS-30MP,38,90
136_cam063,136,DS-30MP,38,102
137_cam123,137,DS-30MP,38,77
138_cam029,138,DS-30MP,38,9
138_cam031,138,DS-30MP,38,75
139_cam078,139,DS-30MP,38,82
13_cam001,13,DS-32MP,50,110
13_cam021,13,DS-32MP,50,110
140_cam080,140,DS-30MP,38,88
140_cam128,140,DS-30MP,38,101
141_cam091,141,DS-30MP,38,115
143_cam077,143,DS-30MP,38,54
144_cam009,144,DS-30MP,38,63
144_cam115,144,DS-30MP,38,15
145_cam065,145,DS-30MP,38,82
146_cam027,146,DS-30MP,38,111
146_cam079,146,DS-30MP,38,4
147_cam054,147,DS-30MP,38,51
147_cam129,147,DS-30MP,38,79
148_cam048,148,DS-30MP,38,22
149_cam006,149,DS-30MP,38,32
151_cam143,151,DS-30MP,38,10
152_cam028,152,DS-30MP,38,7
153_cam081,153,DS-30MP,38,6
153_cam095,153,DS-30MP,38,77
155_cam074,155,DS-30MP,38,42
156_cam007,156,DS-30MP,38,7
157_cam012,157,DS-30MP,38,75
158_cam041,158,DS-30MP,38,74
159_cam050,159,DS-30MP,38,74
159_cam089,159,DS-30MP,38,4
15_cam126,15,DS-30MP,38,56
160_cam064,160,DS-30MP,38,65
160_cam072,160,DS-30MP,38,53
162_cam016,162,DS-30MP,38,76
163_cam093,163,DS-30MP,38,28
164_cam127,164,DS-30MP,38,31
165_cam010,165,DS-30MP,38,18
166_cam037,166,DS-30MP,38,54
167_cam013,167,DS-30MP,38,75
167_cam076,167,DS-30MP,38,74
168_cam057,168,DS-30MP,38,67
169_cam036,169,DS-30MP,38,43
169_cam124,169,DS-30MP,38,67
170_cam105,170,DS-30MP,38,54
171_cam044,171,DS-30MP,38,46
171_cam122,171,DS-30MP,38,59
172_cam135,172,DS-30MP,38,59
174_cam036,174,DS-32MP,50,76
174_cam054,174,DS-32MP,50,41
175_cam023,175,DS-30MP,38,33
175_cam052,175,DS-30MP,38,59
177_cam019,177,DS-30MP,38,73
178_cam002,178,DS-30MP,38,82
178_cam003,178,DS-30MP,38,82
179_cam020,179,DS-30MP,38,60
179_cam085,179,DS-30MP,38,5
17_cam082,17,DS-30MP,38,36
180_cam112,180,DS-30MP,38,68
181_cam040,181,DS-30MP,38,46
182_cam068,182,DS-30MP,38,53
182_cam097,182,DS-30MP,38,34
184_cam062,184,DS-30MP,38,61
184_cam151,184,DS-30MP,38,30
185_cam001,185,DS-30MP,38,14
185_cam141,185,DS-30MP,38,16
186_cam052,186,DS-32MP,50,70
187_cam035,187,DS-30MP,38,24
188_cam004,188,DS-32MP,50,29
188_cam152,188,DS-30MP,38,14
18_cam009,18,DS-32MP,50,109
190_cam037,190,DS-32MP,50,61
191_cam132,191,DS-30MP,38,70
192_cam045,192,DS-30MP,38,68
192_cam070,192,DS-30MP,38,68
193_cam103,193,DS-30MP,38,26
195_cam012,195,DS-32MP,50,71
197_cam117,197,DS-30MP,38,70
19_cam051,19,DS-32MP,50,109
1_cam132,1,DS-30MP,38,1
22_cam149,22,DS-30MP,38,34
24_cam071,24,DS-30MP,38,51
25_cam076,25,DS-30MP,38,11
27_cam043,27,DS-32MP,50,59
28_cam023,28,DS-32MP,50,113
28_cam034,28,DS-32MP,50,113
29_cam030,29,DS-32MP,50,110
2_cam009,2,DS-30MP,38,49
30_cam143,30,DS-30MP,38,23
31_cam028,31,DS-30MP,38,34
35_cam106,35,DS-30MP,38,43
36_cam079,36,DS-30MP,38,83
36_cam108,36,DS-30MP,38,63
37_cam048,37,DS-30MP,38,76
38_cam054,38,DS-30MP,38,80
39_cam103,39,DS-30MP,38,84
39_cam117,39,DS-30MP,38,86
3_cam006,3,DS-30MP,38,104
3_cam096,3,DS-30MP,38,1
40_cam091,40,DS-30MP,38,84
41_cam107,41,DS-30MP,38,87
43_cam115,43,DS-30MP,38,100
44_cam015,44,DS-30MP,38,101
44_cam077,44,DS-30MP,38,25
45_cam081,45,DS-30MP,38,50
45_cam140,45,DS-30MP,38,61
48_cam113,48,DS-30MP,38,38
48_cam151,48,DS-30MP,38,98
49_cam003,49,DS-30MP,38,100
49_cam040,49,DS-30MP,38,16
4_cam053,4,DS-30MP,38,102
4_cam146,4,DS-30MP,38,42
50_cam027,50,DS-30MP,38,74
50_cam092,50,DS-30MP,38,19
51_cam109,51,DS-30MP,38,7
52_cam107,52,DS-30MP,38,101
54_cam104,54,DS-30MP,38,80
54_cam121,54,DS-30MP,38,114
59_cam129,59,DS-30MP,38,54
5_cam133,5,DS-30MP,38,2
60_cam116,60,DS-30MP,38,2
61_cam002,61,DS-30MP,38,76
61_cam141,61,DS-30MP,38,21
62_cam056,62,DS-30MP,38,30
62_cam068,62,DS-30MP,38,55
64_cam045,64,DS-30MP,38,77
64_cam073,64,DS-30MP,38,33
66_cam026,66,DS-30MP,38,4
66_cam099,66,DS-30MP,38,3
67_cam021,67,DS-30MP,38,17
67_cam144,67,DS-30MP,38,17
6_cam084,6,DS-30MP,38,36
73_cam001,73,DS-30MP,38,11
73_cam097,73,DS-30MP,38,6
74_cam004,74,DS-30MP,38,12
74_cam023,74,DS-30MP,38,36
75_cam045,75,DS-30MP,38,52
75_cam093,75,DS-30MP,38,8
76_cam016,76,DS-30MP,38,32
77_cam027,77,DS-30MP,38,99
77_cam109,77,DS-30MP,38,100
78_cam073,78,DS-30MP,38,8
78_cam101,78,DS-30MP,38,29
80_cam036,80,DS-30MP,38,29
82_cam135,82,DS-30MP,38,105
83_cam052,83,DS-30MP,38,70
84_cam070,84,DS-30MP,38,53
86_cam007,86,DS-30MP,38,1
86_cam145,86,DS-30MP,38,45
87_cam002,87,DS-32MP,50,110
87_cam005,87,DS-32MP,50,4
88_cam076,88,DS-30MP,38,10
89_cam080,89,DS-30MP,38,12
8_cam149,8,DS-30MP,38,44
91_cam064,91,DS-30MP,38,33
92_cam089,92,DS-30MP,38,4
93_cam010,93,DS-32MP,50,30
94_cam026,94,DS-32MP,50,25
95_cam022,95,DS-32MP,50,112
96_cam044,96,DS-30MP,38,37
97_cam105,97,DS-30MP,38,13
98_cam013,98,DS-30MP,38,103
99_cam037,99,DS-30MP,38,30
9_cam117,9,DS-30MP,38,87
