transect,cam,transect_cam,mission,n_distance_annotations,reference_dir,n_reference_clips,status,note
2,9,2_cam009,M1,1364,videos/reference/mission_1_phase_3_pss/E_V/Video_de_reference/T2/Cam9,3,found,
3,6,3_cam006,M1,516,videos/reference/mission_1_phase_3_pss/E_V/Video_de_reference/T3/Cam6,2,found,
4,146,4_cam146,M1,177,videos/reference/mission_1_phase_3_pss/E_V/Video_de_reference/T4/cam146,3,found,
6,84,6_cam084,M1,466,videos/reference/mission_1_phase_3_pss/E_V/Video_de_reference/T6/Cam__84,4,found,
8,149,8_cam149,M1,1,,0,missing,no reference footage found on /mnt/d/wcf/pss/p3
9,117,9_cam117,M1,572,videos/reference/mission_1_phase_3_pss/E_V/Video_de_reference/T9/Cam_117,2,found,
10,110,10_cam110,M1,182,videos/reference/mission_1_phase_3_pss/E_V/Video_de_reference/T10/Cam_110,3,found,
11,21,11_cam021,M2,281,,0,missing,no reference footage found on /mnt/d/wcf/pss/p3 (folder exists but is empty on the mount)
13,21,13_cam021,M2,422,,0,missing,no reference footage found on /mnt/d/wcf/pss/p3 (folder exists but is empty on the mount)
15,126,15_cam126,M1,687,videos/reference/mission_1_phase_3_pss/E_V/Video_de_reference/T15/Cam_126,3,found,
17,82,17_cam082,M1,2676,videos/reference/mission_1_phase_3_pss/E_V/Video_de_reference/T17/Cam_82,2,found,
18,9,18_cam009,M2,172,,0,missing,no reference footage found on /mnt/d/wcf/pss/p3 (folder exists but is empty on the mount)
19,51,19_cam051,M2,2237,,0,missing,no reference footage found on /mnt/d/wcf/pss/p3 (folder exists but is empty on the mount)
22,149,22_cam149,M5,841,videos/reference/mission_5_phase_3_pss/Videos_reference/T22/CAM149,3,found,
24,71,24_cam071,M5,84,videos/reference/mission_5_phase_3_pss/Videos_reference/T24/CAM71,3,found,
25,76,25_cam076,M4_M5,38,videos/reference/mission_5_phase_3_pss/Videos_reference/T25/CAM76,3,found,
27,43,27_cam043,M2,281,,0,missing,no reference footage found on /mnt/d/wcf/pss/p3 (folder exists but is empty on the mount)
28,23,28_cam023,M2,68,,0,missing,no reference footage found on /mnt/d/wcf/pss/p3 (folder exists but is empty on the mount)
28,34,28_cam034,M2,991,,0,missing,no reference footage found on /mnt/d/wcf/pss/p3 (folder exists but is empty on the mount)
29,30,29_cam030,M2,4,,0,missing,no reference footage found on /mnt/d/wcf/pss/p3 (folder exists but is empty on the mount)
35,106,35_cam106,M5,383,videos/reference/mission_5_phase_3_pss/Videos_reference/T35/CAM106,3,found,
36,79,36_cam079,M5,43,videos/reference/mission_5_phase_3_pss/Videos_reference/T36/CAM79,3,found,
36,108,36_cam108,M5,55,videos/reference/mission_5_phase_3_pss/Videos_reference/T36/CAM108,3,found,
37,48,37_cam048,M1,676,videos/reference/mission_1_phase_3_pss/E_III/Videos_Ref/T37/37_Cam048,3,found,
39,103,39_cam103,M5,40,videos/reference/mission_5_phase_3_pss/Videos_reference/T39/CAM103,3,found,
39,117,39_cam117,M5,500,videos/reference/mission_5_phase_3_pss/Videos_reference/T39/CAM117,3,found,
40,91,40_cam091,M5,23,videos/reference/mission_5_phase_3_pss/Videos_reference/T40/CAM91,2,found,
41,107,41_cam107,M5,1250,videos/reference/mission_5_phase_3_pss/Videos_reference/T41/CAM107,3,found,
43,115,43_cam115,M1,194,videos/reference/mission_1_phase_3_pss/E_III/Videos_Ref/T43/43_Cam115,3,found,
44,15,44_cam015,M1,1670,videos/reference/mission_1_phase_3_pss/E_III/Videos_Ref/T44/44_Cam015,3,found,
44,77,44_cam077,M1,30,videos/reference/mission_1_phase_3_pss/E_III/Videos_Ref/T44/44_Cam077,3,found,
45,81,45_cam081,M1,148,videos/reference/mission_1_phase_3_pss/E_III/Videos_Ref/T45/45_Cam081,3,found,
45,140,45_cam140,M1,110,videos/reference/mission_1_phase_3_pss/E_III/Videos_Ref/T45/45_Cam140,3,found,
49,3,49_cam003,M1,1610,videos/reference/mission_1_phase_3_pss/E_I/video_reff/T_49/49_cam03,4,found,
50,27,50_cam027,"M4_M5,M5",379,videos/reference/mission_5_phase_3_pss/Videos_reference/T50/CAM27,3,found,
50,92,50_cam092,M5,33,videos/reference/mission_5_phase_3_pss/Videos_reference/T50/CAM92,3,found,
52,107,52_cam107,M2,1739,videos/reference/mission_2_phase_3_pss/EQUIPE_1/VIDEO_DE_REFERENCE/T_52/T_52_cam107,4,recovered_from_regular_footage,ref folder empty on mount; retrieval-day clips (number boards/markers) copied from regular footage folder
54,104,54_cam104,M2,301,videos/reference/mission_2_phase_3_pss/EQUIPE_1/VIDEO_DE_REFERENCE/T_54/cam104,4,recovered_from_regular_footage,ref folder empty on mount; retrieval-day clips (number boards/markers) copied from regular footage folder
54,121,54_cam121,M2,373,videos/reference/mission_2_phase_3_pss/EQUIPE_1/VIDEO_DE_REFERENCE/T_54/cam121,5,recovered_from_regular_footage,ref folder empty on mount; retrieval-day clips (number boards/markers) copied from regular footage folder
59,129,59_cam129,M1,243,videos/reference/mission_1_phase_3_pss/E_III/Videos_Ref/T59/59_Cam129,3,found,
60,116,60_cam116,M1,15,videos/reference/mission_1_phase_3_pss/E_III/Videos_Ref/T60/60_Cam116,3,found,
61,2,61_cam002,M1,497,videos/reference/mission_1_phase_3_pss/E_I/video_reff/T_61/61_cam_02,5,found,
61,141,61_cam141,M1,44,videos/reference/mission_1_phase_3_pss/E_I/video_reff/T_61/61_cam_141,3,found,
62,56,62_cam056,M1,170,videos/reference/mission_1_phase_3_pss/E_I/video_reff/T_62/62_cam_56,3,found,
62,68,62_cam068,M1,121,videos/reference/mission_1_phase_3_pss/E_I/video_reff/T_62/62_cam_68,4,found,
64,45,64_cam045,M5,953,videos/reference/mission_5_phase_3_pss/Videos_reference/T64/CAM45,2,found,
64,73,64_cam073,"M4_M5,M5",51,videos/reference/mission_5_phase_3_pss/Videos_reference/T64/CAM73,2,found,
66,26,66_cam026,M2,12,videos/reference/mission_2_phase_3_pss/EQUIPE_1/VIDEO_DE_REFERENCE/T_66/cam26,3,recovered_from_regular_footage,ref folder empty on mount; retrieval-day clips (number boards/markers) copied from regular footage folder
67,21,67_cam021,M2,86,videos/reference/mission_2_phase_3_pss/EQUIPE_1/VIDEO_DE_REFERENCE/T_67/cam21,5,found,
67,144,67_cam144,M2,11,videos/reference/mission_2_phase_3_pss/EQUIPE_1/VIDEO_DE_REFERENCE/T_67/cam144,2,found,
74,4,74_cam004,M1,122,videos/reference/mission_1_phase_3_pss/E_I/video_reff/T_74/74_cam_04,5,found,
75,45,75_cam045,M1,303,videos/reference/mission_1_phase_3_pss/E_II/VIDEO_DE_REFERENCE/T_86/Cam045,2,relabelled,folder transect label swapped: InfoCT places cam045 on T75
75,93,75_cam093,M1,28,videos/reference/mission_1_phase_3_pss/E_II/VIDEO_DE_REFERENCE/T_86/Cam093,4,relabelled,folder transect label swapped: InfoCT places cam093 on T75
76,16,76_cam016,M1,1400,videos/reference/mission_1_phase_3_pss/E_II/VIDEO_DE_REFERENCE/T_76/Cam016,2,found,
77,27,77_cam027,M2,106,videos/reference/mission_2_phase_3_pss/EQUIPE_1/VIDEO_DE_REFERENCE/T_77/cam27,3,found,
77,109,77_cam109,M2,138,videos/reference/mission_2_phase_3_pss/EQUIPE_1/VIDEO_DE_REFERENCE/T_77/cam109,4,found,
78,73,78_cam073,M2,41,videos/reference/mission_2_phase_3_pss/EQUIPE_1/VIDEO_DE_REFERENCE/T_78/cam73,4,recovered_from_regular_footage,ref folder empty on mount; retrieval-day clips (number boards/markers) copied from regular footage folder
78,101,78_cam101,M2,7,videos/reference/mission_2_phase_3_pss/EQUIPE_1/VIDEO_DE_REFERENCE/T_78/cam101,3,recovered_from_regular_footage,ref folder empty on mount; retrieval-day clips (number boards/markers) copied from regular footage folder
80,36,80_cam036,M1,39,videos/reference/mission_1_phase_3_pss/E_IV/Video_Reference/T_80/80_Cam_036,3,found,
82,135,82_cam135,M1,20,videos/reference/mission_1_phase_3_pss/E_IV/Video_Reference/T_82/82_Cam_135,2,found,
83,52,83_cam052,M1,65,videos/reference/mission_1_phase_3_pss/E_I/video_reff/T_83/83_cam_52,4,found,
84,70,84_cam070,M1,80,videos/reference/mission_1_phase_3_pss/E_I/video_reff/T_84/84_cam_70,4,found,
86,145,86_cam145,M1,665,videos/reference/mission_1_phase_3_pss/E_II/VIDEO_DE_REFERENCE/T_75/Cam145,2,relabelled,folder transect label swapped: InfoCT places cam145 on T86
87,2,87_cam002,M2,1200,videos/reference/mission_2_phase_3_pss/EQUIPE_2/Vidéos_Ref/T_87/T87_Cam02,2,found,
88,76,88_cam076,M1,29,videos/reference/mission_1_phase_3_pss/E_IV/Video_Reference/T_88/88_Cam_076,3,found,
89,80,89_cam080,M1,84,videos/reference/mission_1_phase_3_pss/E_IV/Video_Reference/T_89/89_Cam_080,2,found,
91,64,91_cam064,M1,548,videos/reference/mission_1_phase_3_pss/E_II/VIDEO_DE_REFERENCE/T_91/Cam064,2,found,
94,26,94_cam026,M2,33,videos/reference/mission_2_phase_3_pss/EQUIPE_2/Vidéos_Ref/T_94/T94_Cam26,2,found,
95,22,95_cam022,M2,133,videos/reference/mission_2_phase_3_pss/EQUIPE_2/Vidéos_Ref/T_95/T95_Cam22,2,found,
96,44,96_cam044,M1,258,videos/reference/mission_1_phase_3_pss/E_IV/Video_Reference/T_96/96_Cam_044,3,found,
98,13,98_cam013,M1,315,videos/reference/mission_1_phase_3_pss/E_IV/Video_Reference/T_98/98_Cam_013,4,found,
99,37,99_cam037,M1,4,videos/reference/mission_1_phase_3_pss/E_IV/Video_Reference/T_99/99_Cam_037,3,found,
100,41,100_cam041,M1,50,videos/reference/mission_1_phase_3_pss/E_II/VIDEO_DE_REFERENCE/T_100/Cam041,2,found,
101,72,101_cam072,M1,168,videos/reference/mission_1_phase_3_pss/E_II/VIDEO_DE_REFERENCE/T_101/Cam072,2,found,
101,74,101_cam074,M1,68,videos/reference/mission_1_phase_3_pss/E_II/VIDEO_DE_REFERENCE/T_101/Cam074,2,found,
102,14,102_cam014,M2,470,videos/reference/mission_2_phase_3_pss/EQUIPE_2/Vidéos_Ref/T_102/T102_Cam14,4,found,
102,33,102_cam033,M2,452,videos/reference/mission_2_phase_3_pss/EQUIPE_2/Vidéos_Ref/T_102/T102_Cam33,2,found,
103,8,103_cam008,M2,88,videos/reference/mission_2_phase_3_pss/EQUIPE_2/Vidéos_Ref/T_103/T103_Cam08,6,found,
103,35,103_cam035,M2,141,videos/reference/mission_2_phase_3_pss/EQUIPE_2/Vidéos_Ref/T_103/T103_Cam35,2,found,
104,17,104_cam017,M2,115,videos/reference/mission_2_phase_3_pss/EQUIPE_2/Vidéos_Ref/T_104/T104_Cam17,2,found,
109,127,109_cam127,M1,91,videos/reference/mission_1_phase_3_pss/E_II/VIDEO_DE_REFERENCE/T_109/Cam127,2,found,
110,10,110_cam010,M1,415,videos/reference/mission_1_phase_3_pss/E_II/VIDEO_DE_REFERENCE/T_110/Cam010,2,found,
111,24,111_cam024,M2,23,videos/reference/mission_2_phase_3_pss/EQUIPE_2/Vidéos_Ref/T_111/T111_Cam24,2,found,
112,46,112_cam046,M2,56,videos/reference/mission_2_phase_3_pss/EQUIPE_2/Vidéos_Ref/T_112/T112_Cam46,2,found,
113,7,113_cam007,M2,38,videos/reference/mission_2_phase_3_pss/EQUIPE_2/Vidéos_Ref/T_113/T113_Cam07,2,found,
113,45,113_cam045,M2,155,videos/reference/mission_2_phase_3_pss/EQUIPE_2/Vidéos_Ref/T_113/T113_Cam45,2,found,
120,19,120_cam019,M1,43,videos/reference/mission_1_phase_3_pss/E_IV/Video_Reference/T_120/120_Cam_019,3,found,
121,83,121_cam083,M1,88,videos/reference/mission_1_phase_3_pss/E_II/VIDEO_DE_REFERENCE/T_121/Cam083,2,found,
122,71,122_cam071,M2,119,videos/reference/mission_2_phase_3_pss/EQUIPE_3/Transect_Kouloundala/Transect_-Reff/T122/Cam-071,3,found,
122,148,122_cam148,M2,152,videos/reference/mission_2_phase_3_pss/EQUIPE_3/Transect_Kouloundala/Transect_-Reff/T122/Cam-128,3,relabelled,folder cam label typo: T122 only had cam148 (InfoCT); cam128 was on T140 which has its own ref folder
123,49,123_cam049,M2,57,videos/reference/mission_2_phase_3_pss/EQUIPE_3/Transect_Kouloundala/Transect_-Reff/T123/Cam-049,3,found,
124,43,124_cam043,M2,662,videos/reference/mission_2_phase_3_pss/EQUIPE_3/Transect_Kouloundala/Transect_-Reff/T124/Cam-043,3,found,
124,106,124_cam106,M2,221,videos/reference/mission_2_phase_3_pss/EQUIPE_3/Transect_Kouloundala/Transect_-Reff/T124/Cam-106,3,found,
135,25,135_cam025,M1,459,videos/reference/mission_1_phase_3_pss/E_II/VIDEO_DE_REFERENCE/T_135/Cam025,3,found,
135,50,135_cam050,M1,203,videos/reference/mission_1_phase_3_pss/E_II/VIDEO_DE_REFERENCE/T_135/Cam050,2,found,
136,12,136_cam012,M1,138,videos/reference/mission_1_phase_3_pss/E_II/VIDEO_DE_REFERENCE/T_136/Cam012,2,found,
136,63,136_cam063,M1,84,videos/reference/mission_1_phase_3_pss/E_II/VIDEO_DE_REFERENCE/T_136/Cam063,2,found,
137,123,137_cam123,M3,970,videos/reference/mission_3_phase_3_pss/EQUIPE_3/Ref/T137/Ref_cam123,3,found,
138,31,138_cam031,M2,186,videos/reference/mission_2_phase_3_pss/EQUIPE_3/Transect_Kouloundala/Transect_-Reff/T138/Cam-031,3,found,
139,78,139_cam078,M2,1322,videos/reference/mission_2_phase_3_pss/EQUIPE_3/Transect_Kouloundala/Transect_-Reff/T139/Cam-078,3,found,
140,80,140_cam080,M2,1076,videos/reference/mission_2_phase_3_pss/EQUIPE_3/Transect_Kouloundala/Transect_-Reff/T140/Cam-080,3,found,
140,128,140_cam128,M2,394,videos/reference/mission_2_phase_3_pss/EQUIPE_3/Transect_Kouloundala/Transect_-Reff/T140/Cam-128,3,found,
141,91,141_cam091,M2,18,videos/reference/mission_2_phase_3_pss/EQUIPE_3/Transect_Kouloundala/Transect_-Reff/T141/Cam-091,3,found,
143,77,143_cam077,M3,129,videos/reference/mission_3_phase_3_pss/EQUIPE_3/Ref/T143/Ref_cam077,3,found,
144,9,144_cam009,M3,38,videos/reference/mission_3_phase_3_pss/EQUIPE_3/Ref/T144/Ref_cam09,3,found,
144,115,144_cam115,M3,127,videos/reference/mission_3_phase_3_pss/EQUIPE_3/Ref/T144/Ref_cam115,3,found,
145,65,145_cam065,M2,30,videos/reference/mission_2_phase_3_pss/EQUIPE_3/Transect_Kouloundala/Transect_-Reff/T145/Cam_065,3,found,
147,54,147_cam054,M3,237,videos/reference/mission_3_phase_3_pss/EQUIPE_3/Ref/T147/Ref_cam054,3,found,
147,129,147_cam129,M3,442,videos/reference/mission_3_phase_3_pss/EQUIPE_3/Ref/T147/Ref_cam129,3,found,
149,6,149_cam006,M3,69,videos/reference/mission_3_phase_3_pss/EQUIPE_3/Ref/T149/Ref_cam06,3,found,
152,28,152_cam028,M3,8,videos/reference/mission_3_phase_3_pss/EQUIPE_3/Ref/T152/Ref_cam028,3,found,
153,81,153_cam081,M3,19,videos/reference/mission_3_phase_3_pss/EQUIPE_3/Ref/T153/Ref_cam081,3,found,
153,95,153_cam095,M3,1157,videos/reference/mission_3_phase_3_pss/EQUIPE_3/Ref/T153/Ref_cam095,3,found,
155,74,155_cam074,M3,172,videos/reference/mission_3_phase_3_pss/EQUIPE_2/Ref/T155/Ref_cam74,2,found,
157,12,157_cam012,M3,675,videos/reference/mission_3_phase_3_pss/EQUIPE_2/Ref/T157/Ref_cam12,2,found,
158,41,158_cam041,M3,493,videos/reference/mission_3_phase_3_pss/EQUIPE_2/Ref/T158/Ref_cam_41,2,found,
159,50,159_cam050,M3,1524,videos/reference/mission_3_phase_3_pss/EQUIPE_2/Ref/T159/Ref_cam50,2,found,
159,89,159_cam089,M3,13,videos/reference/mission_3_phase_3_pss/EQUIPE_2/Ref/T159/Ref_cam89,2,found,
160,64,160_cam064,M3,4,videos/reference/mission_3_phase_3_pss/EQUIPE_2/Ref/T160/Ref_cam64,2,found,
160,72,160_cam072,M3,42,videos/reference/mission_3_phase_3_pss/EQUIPE_2/Ref/T160/Ref_cam72,2,found,
162,16,162_cam016,M3,593,videos/reference/mission_3_phase_3_pss/EQUIPE_2/Ref/T162/Ref_cam16,2,found,
163,93,163_cam093,M3,128,videos/reference/mission_3_phase_3_pss/EQUIPE_2/Ref/T163/Ref_cam93,2,found,
165,10,165_cam010,M3,797,videos/reference/mission_3_phase_3_pss/EQUIPE_2/Ref/T165/Ref_cam10,2,found,
166,37,166_cam037,M3,605,videos/reference/mission_3_phase_3_pss/EQUIPE_4/Ref/T166/Ref_cam37,3,found,
167,13,167_cam013,M3,1194,videos/reference/mission_3_phase_3_pss/EQUIPE_4/Ref/T167/Ref_cam13,3,found,
167,76,167_cam076,M3,1263,videos/reference/mission_3_phase_3_pss/EQUIPE_4/Ref/T167/Ref_cam76,3,found,
168,57,168_cam057,M3,17,videos/reference/mission_3_phase_3_pss/EQUIPE_4/Ref/T168/Ref_cam57,3,found,
169,36,169_cam036,M3,278,videos/reference/mission_3_phase_3_pss/EQUIPE_4/Ref/T169/Ref_cam36,4,found,
169,124,169_cam124,M3,390,videos/reference/mission_3_phase_3_pss/EQUIPE_4/Ref/T169/Ref_cam124,2,found,
170,105,170_cam105,M3,682,videos/reference/mission_3_phase_3_pss/EQUIPE_4/Ref/T170/Ref_cam105,3,found,
171,44,171_cam044,M3,225,videos/reference/mission_3_phase_3_pss/EQUIPE_4/Ref/T171/Ref_cam44,2,found,
171,122,171_cam122,M3,686,videos/reference/mission_3_phase_3_pss/EQUIPE_4/Ref/T171/Ref_cam122,3,found,
172,135,172_cam135,M3,106,videos/reference/mission_3_phase_3_pss/EQUIPE_4/Ref/T172/Ref_cam135,2,found,
174,36,174_cam036,M3,35,videos/reference/mission_3_phase_3_pss/EQUIPE_4/Ref/T174/Ref_Cam36,2,found,
174,54,174_cam054,M3,109,videos/reference/mission_3_phase_3_pss/EQUIPE_4/Ref/T174/Ref_cam54,2,found,
175,23,175_cam023,M3,109,videos/reference/mission_3_phase_3_pss/EQUIPE_1/Ref/T175/Ref_cam023,2,found,
175,52,175_cam052,M3,941,videos/reference/mission_3_phase_3_pss/EQUIPE_1/Ref/T175/Ref_cam052,2,found,
177,19,177_cam019,M3,31,videos/reference/mission_3_phase_3_pss/EQUIPE_4/Ref/T177/Ref_cam19,2,found,
178,2,178_cam002,M3,110,videos/reference/mission_3_phase_3_pss/EQUIPE_1/Ref/T178/Ref_cam02,2,found,
178,3,178_cam003,M3,742,videos/reference/mission_3_phase_3_pss/EQUIPE_1/Ref/T178/Ref_cam03,2,found,
179,20,179_cam020,M3,128,videos/reference/mission_3_phase_3_pss/EQUIPE_1/Ref/T179/Ref_cam020,2,found,
179,85,179_cam085,M3,3,videos/reference/mission_3_phase_3_pss/EQUIPE_1/Ref/T179/Ref_cam85,2,found,
180,112,180_cam112,M3,1158,videos/reference/mission_3_phase_3_pss/EQUIPE_1/Ref/T180/Ref_cam0112,2,found,
181,40,181_cam040,M3,325,videos/reference/mission_3_phase_3_pss/EQUIPE_1/Ref/T181/Ref_cam040,2,found,
182,68,182_cam068,M3,1002,videos/reference/mission_3_phase_3_pss/EQUIPE_1/Ref/T182/Ref_cam068,4,found,
182,97,182_cam097,M3,254,videos/reference/mission_3_phase_3_pss/EQUIPE_1/Ref/T182/Ref_cam097,2,found,
184,62,184_cam062,M3,79,videos/reference/mission_3_phase_3_pss/EQUIPE_1/Ref/T184/Ref_cam062,2,found,
184,151,184_cam151,M3,57,videos/reference/mission_3_phase_3_pss/EQUIPE_1/Ref/T184/Ref_cam151,2,found,
185,141,185_cam141,M3,738,videos/reference/mission_3_phase_3_pss/EQUIPE_1/Ref/T185/Ref_cam141,2,found,
186,52,186_cam052,M4,856,videos/reference/mission_4_phase_3_pss/Ref/T-186/cam_52,2,found,
188,4,188_cam004,M4,77,videos/reference/mission_4_phase_3_pss/Ref/T-188/Cam-04,2,found,
190,37,190_cam037,M4,25,videos/reference/mission_4_phase_3_pss/Ref/T-190/Cam-37,2,found,
191,132,191_cam132,M4,3589,videos/reference/mission_4_phase_3_pss/Ref/T-191/Cam-117,2,relabelled,"folder cam label wrong: clips dated 2024-10-20, same day/13 min after last regular clip of 191_Cam0132"
192,45,192_cam045,M4,284,videos/reference/mission_4_phase_3_pss/Ref/T-192/Cam-45,2,found,
192,70,192_cam070,"M4,M4_M5",116,videos/reference/mission_4_phase_3_pss/Ref/T-192/Cam-70,2,found,
193,103,193_cam103,M4,12,videos/reference/mission_4_phase_3_pss/Ref/T-193/Cam-103,2,found,
195,12,195_cam012,M4,29,videos/reference/mission_4_phase_3_pss/Ref/T-195/Cam-12,4,found,
197,117,197_cam117,M4,175,videos/reference/mission_4_phase_3_pss/Ref/T-197/Cam-108,2,relabelled,"folder cam label wrong: clips dated 2024-10-15, same day as last regular clip of 197_Cam0117; cam108 never deployed in M4"
